18530101T12:00:00:00.999Z,5.55
18530201T12:00:00:00.999Z,2.5
18530301T12:00:00:00.999Z,4.15
18530401T12:00:00:00.999Z,8.55
18530501T12:00:00:00.999Z,11.45
18530601T12:00:00:00.999Z,15.4
18530701T12:00:00:00.999Z,16.7
18530801T12:00:00:00.999Z,15.5
18530901T12:00:00:00.999Z,12.85
18531001T12:00:00:00.999Z,10.65
18531101T12:00:00:00.999Z,5.5
18531201T12:00:00:00.999Z,2.5
18540101T12:00:00:00.999Z,4.1
18540201T12:00:00:00.999Z,4.3
18540301T12:00:00:00.999Z,6.7
18540401T12:00:00:00.999Z,9.25
18540501T12:00:00:00.999Z,10.95
18540601T12:00:00:00.999Z,14.15
18540701T12:00:00:00.999Z,16.65
18540801T12:00:00:00.999Z,15.8
18540901T12:00:00:00.999Z,14.3
18541001T12:00:00:00.999Z,9.75
18541101T12:00:00:00.999Z,5.1
18541201T12:00:00:00.999Z,5.2
18550101T12:00:00:00.999Z,2.4
18550201T12:00:00:00.999Z,3.1
18550301T12:00:00:00.999Z,3.9
18550401T12:00:00:00.999Z,7.85
18550501T12:00:00:00.999Z,9.95
18550601T12:00:00:00.999Z,14.35
18550701T12:00:00:00.999Z,18.1
18550801T12:00:00:00.999Z,16.95
18550901T12:00:00:00.999Z,14.7
18551001T12:00:00:00.999Z,11.1
18551101T12:00:00:00.999Z,5.65
18551201T12:00:00:00.999Z,2.9
18560101T12:00:00:00.999Z,4.4
18560201T12:00:00:00.999Z,5.6
18560301T12:00:00:00.999Z,4.25
18560401T12:00:00:00.999Z,8.5
18560501T12:00:00:00.999Z,9.85
18560601T12:00:00:00.999Z,14.85
18560701T12:00:00:00.999Z,16.75
18560801T12:00:00:00.999Z,17.6
18560901T12:00:00:00.999Z,12.65
18561001T12:00:00:00.999Z,10.4
18561101T12:00:00:00.999Z,5.2
18561201T12:00:00:00.999Z,4.35
18570101T12:00:00:00.999Z,2.85
18570201T12:00:00:00.999Z,4
18570301T12:00:00:00.999Z,5.45
18570401T12:00:00:00.999Z,7.8
18570501T12:00:00:00.999Z,11.4
18570601T12:00:00:00.999Z,16.3
18570701T12:00:00:00.999Z,17.35
18570801T12:00:00:00.999Z,18
18570901T12:00:00:00.999Z,15.1
18571001T12:00:00:00.999Z,11.2
18571101T12:00:00:00.999Z,7.35
18571201T12:00:00:00.999Z,7.05
18580101T12:00:00:00.999Z,3.25
18580201T12:00:00:00.999Z,2.95
18580301T12:00:00:00.999Z,5.25
18580401T12:00:00:00.999Z,8.55
18580501T12:00:00:00.999Z,11.05
18580601T12:00:00:00.999Z,17.75
18580701T12:00:00:00.999Z,15.7
18580801T12:00:00:00.999Z,16.35
18580901T12:00:00:00.999Z,15.35
18581001T12:00:00:00.999Z,10.15
18581101T12:00:00:00.999Z,4.1
18581201T12:00:00:00.999Z,4.8
18590101T12:00:00:00.999Z,4.65
18590201T12:00:00:00.999Z,6.05
18590301T12:00:00:00.999Z,7.95
18590401T12:00:00:00.999Z,7.9
18590501T12:00:00:00.999Z,11.65
18590601T12:00:00:00.999Z,15.9
18590701T12:00:00:00.999Z,19.4
18590801T12:00:00:00.999Z,17.15
18590901T12:00:00:00.999Z,13.4
18591001T12:00:00:00.999Z,10.15
18591101T12:00:00:00.999Z,5
18591201T12:00:00:00.999Z,3.05
18600101T12:00:00:00.999Z,3.8
18600201T12:00:00:00.999Z,3.4
18600301T12:00:00:00.999Z,5.15
18600401T12:00:00:00.999Z,6.15
18600501T12:00:00:00.999Z,12.35
18600601T12:00:00:00.999Z,13.25
18600701T12:00:00:00.999Z,14.8
18600801T12:00:00:00.999Z,14.4
18600901T12:00:00:00.999Z,11.3
18601001T12:00:00:00.999Z,10.35
18601101T12:00:00:00.999Z,4.75
18601201T12:00:00:00.999Z,
18610101T12:00:00:00.999Z,2.25
18610201T12:00:00:00.999Z,5.5
18610301T12:00:00:00.999Z,6.75
18610401T12:00:00:00.999Z,7.4
18610501T12:00:00:00.999Z,11.3
18610601T12:00:00:00.999Z,15.6
18610701T12:00:00:00.999Z,15.85
18610801T12:00:00:00.999Z,17.15
18610901T12:00:00:00.999Z,13.9
18611001T12:00:00:00.999Z,12.85
18611101T12:00:00:00.999Z,5
18611201T12:00:00:00.999Z,4.25
18620101T12:00:00:00.999Z,4.4
18620201T12:00:00:00.999Z,5.35
18620301T12:00:00:00.999Z,6.65
18620401T12:00:00:00.999Z,9.55
18620501T12:00:00:00.999Z,13.4
18620601T12:00:00:00.999Z,13.85
18620701T12:00:00:00.999Z,15.25
18620801T12:00:00:00.999Z,15.25
18620901T12:00:00:00.999Z,14.05
18621001T12:00:00:00.999Z,11.05
18621101T12:00:00:00.999Z,3.55
18621201T12:00:00:00.999Z,6.5
18630101T12:00:00:00.999Z,5.1
18630201T12:00:00:00.999Z,5.9
18630301T12:00:00:00.999Z,6.35
18630401T12:00:00:00.999Z,9.45
18630501T12:00:00:00.999Z,11.2
18630601T12:00:00:00.999Z,14.45
18630701T12:00:00:00.999Z,15.65
18630801T12:00:00:00.999Z,16.55
18630901T12:00:00:00.999Z,11.7
18631001T12:00:00:00.999Z,10.55
18631101T12:00:00:00.999Z,7.45
18631201T12:00:00:00.999Z,6.2
18640101T12:00:00:00.999Z,2.5
18640201T12:00:00:00.999Z,2.75
18640301T12:00:00:00.999Z,5.5
18640401T12:00:00:00.999Z,9.25
18640501T12:00:00:00.999Z,13.05
18640601T12:00:00:00.999Z,14.8
18640701T12:00:00:00.999Z,16.55
18640801T12:00:00:00.999Z,14.9
18640901T12:00:00:00.999Z,13.85
18641001T12:00:00:00.999Z,10.2
18641101T12:00:00:00.999Z,5.45
18641201T12:00:00:00.999Z,3.45
18650101T12:00:00:00.999Z,2.8
18650201T12:00:00:00.999Z,2.6
18650301T12:00:00:00.999Z,3.1
18650401T12:00:00:00.999Z,11.3
18650501T12:00:00:00.999Z,13.25
18650601T12:00:00:00.999Z,16.35
18650701T12:00:00:00.999Z,17.4
18650801T12:00:00:00.999Z,15.4
18650901T12:00:00:00.999Z,16.6
18651001T12:00:00:00.999Z,10.35
18651101T12:00:00:00.999Z,7.15
18651201T12:00:00:00.999Z,5.9
18660101T12:00:00:00.999Z,6
18660201T12:00:00:00.999Z,4.6
18660301T12:00:00:00.999Z,5.1
18660401T12:00:00:00.999Z,9.15
18660501T12:00:00:00.999Z,10.25
18660601T12:00:00:00.999Z,16.5
18660701T12:00:00:00.999Z,16.45
18660801T12:00:00:00.999Z,15.55
18660901T12:00:00:00.999Z,13.65
18661001T12:00:00:00.999Z,11.1
18661101T12:00:00:00.999Z,7.2
18661201T12:00:00:00.999Z,6.25
18670101T12:00:00:00.999Z,2.85
18670201T12:00:00:00.999Z,7.25
18670301T12:00:00:00.999Z,3.25
18670401T12:00:00:00.999Z,10.3
18670501T12:00:00:00.999Z,11.8
18670601T12:00:00:00.999Z,14.8
18670701T12:00:00:00.999Z,15.4
18670801T12:00:00:00.999Z,16.65
18670901T12:00:00:00.999Z,14
18671001T12:00:00:00.999Z,9.9
18671101T12:00:00:00.999Z,5
18671201T12:00:00:00.999Z,3.15
18680101T12:00:00:00.999Z,3.8
18680201T12:00:00:00.999Z,6.55
18680301T12:00:00:00.999Z,7
18680401T12:00:00:00.999Z,9.35
18680501T12:00:00:00.999Z,14.1
18680601T12:00:00:00.999Z,16.5
18680701T12:00:00:00.999Z,19.25
18680801T12:00:00:00.999Z,17.3
18680901T12:00:00:00.999Z,14.55
18681001T12:00:00:00.999Z,8.85
18681101T12:00:00:00.999Z,5.25
18681201T12:00:00:00.999Z,7.8
18690101T12:00:00:00.999Z,5.6
18690201T12:00:00:00.999Z,7.8
18690301T12:00:00:00.999Z,4.1
18690401T12:00:00:00.999Z,11
18690501T12:00:00:00.999Z,11
18690601T12:00:00:00.999Z,13.85
18690701T12:00:00:00.999Z,18.25
18690801T12:00:00:00.999Z,16.1
18690901T12:00:00:00.999Z,15.15
18691001T12:00:00:00.999Z,10
18691101T12:00:00:00.999Z,6.6
18691201T12:00:00:00.999Z,3.3
18700101T12:00:00:00.999Z,3.6
18700201T12:00:00:00.999Z,2.95
18700301T12:00:00:00.999Z,4.9
18700401T12:00:00:00.999Z,9.65
18700501T12:00:00:00.999Z,12.15
18700601T12:00:00:00.999Z,16.75
18700701T12:00:00:00.999Z,18.95
18700801T12:00:00:00.999Z,16
18700901T12:00:00:00.999Z,13.25
18701001T12:00:00:00.999Z,10.4
18701101T12:00:00:00.999Z,5.2
18701201T12:00:00:00.999Z,2.75
18710101T12:00:00:00.999Z,1.95
18710201T12:00:00:00.999Z,6.4
18710301T12:00:00:00.999Z,7.55
18710401T12:00:00:00.999Z,9.55
18710501T12:00:00:00.999Z,11.4
18710601T12:00:00:00.999Z,13.25
18710701T12:00:00:00.999Z,16.5
18710801T12:00:00:00.999Z,17.9
18710901T12:00:00:00.999Z,13.75
18711001T12:00:00:00.999Z,10.05
18711101T12:00:00:00.999Z,3.3
18711201T12:00:00:00.999Z,3.45
18720101T12:00:00:00.999Z,5.25
18720201T12:00:00:00.999Z,7.4
18720301T12:00:00:00.999Z,7.4
18720401T12:00:00:00.999Z,9.2
18720501T12:00:00:00.999Z,10.55
18720601T12:00:00:00.999Z,15.3
18720701T12:00:00:00.999Z,18.3
18720801T12:00:00:00.999Z,16.15
18720901T12:00:00:00.999Z,14.15
18721001T12:00:00:00.999Z,8.9
18721101T12:00:00:00.999Z,7.35
18721201T12:00:00:00.999Z,5.7
18730101T12:00:00:00.999Z,5.5
18730201T12:00:00:00.999Z,2.15
18730301T12:00:00:00.999Z,5.95
18730401T12:00:00:00.999Z,8.35
18730501T12:00:00:00.999Z,10.75
18730601T12:00:00:00.999Z,15.15
18730701T12:00:00:00.999Z,17.2
18730801T12:00:00:00.999Z,17.1
18730901T12:00:00:00.999Z,12.35
18731001T12:00:00:00.999Z,8.8
18731101T12:00:00:00.999Z,6.7
18731201T12:00:00:00.999Z,4.7
18740101T12:00:00:00.999Z,5.8
18740201T12:00:00:00.999Z,4.05
18740301T12:00:00:00.999Z,7.05
18740401T12:00:00:00.999Z,10.55
18740501T12:00:00:00.999Z,10.85
18740601T12:00:00:00.999Z,14.7
18740701T12:00:00:00.999Z,18.55
18740801T12:00:00:00.999Z,16.2
18740901T12:00:00:00.999Z,14.5
18741001T12:00:00:00.999Z,11.25
18741101T12:00:00:00.999Z,5.6
18741201T12:00:00:00.999Z,2.9
18750101T12:00:00:00.999Z,7.1
18750201T12:00:00:00.999Z,2.45
18750301T12:00:00:00.999Z,5.5
18750401T12:00:00:00.999Z,8.45
18750501T12:00:00:00.999Z,13.05
18750601T12:00:00:00.999Z,15.55
18750701T12:00:00:00.999Z,15.5
18750801T12:00:00:00.999Z,17.35
18750901T12:00:00:00.999Z,15.75
18751001T12:00:00:00.999Z,9.5
18751101T12:00:00:00.999Z,6
18751201T12:00:00:00.999Z,4.3
18760101T12:00:00:00.999Z,3.05
18760201T12:00:00:00.999Z,5.55
18760301T12:00:00:00.999Z,5.25
18760401T12:00:00:00.999Z,8.9
18760501T12:00:00:00.999Z,10.05
18760601T12:00:00:00.999Z,15.4
18760701T12:00:00:00.999Z,18.8
18760801T12:00:00:00.999Z,17.85
18760901T12:00:00:00.999Z,13.6
18761001T12:00:00:00.999Z,11.8
18761101T12:00:00:00.999Z,6.9
18761201T12:00:00:00.999Z,6.85
18770101T12:00:00:00.999Z,6.25
18770201T12:00:00:00.999Z,6.7
18770301T12:00:00:00.999Z,5.6
18770401T12:00:00:00.999Z,8.2
18770501T12:00:00:00.999Z,10
18770601T12:00:00:00.999Z,16.35
18770701T12:00:00:00.999Z,16.1
18770801T12:00:00:00.999Z,16.2
18770901T12:00:00:00.999Z,11.75
18771001T12:00:00:00.999Z,9.45
18771101T12:00:00:00.999Z,7.55
18771201T12:00:00:00.999Z,5.05
18780101T12:00:00:00.999Z,5.05
18780201T12:00:00:00.999Z,6.5
18780301T12:00:00:00.999Z,5.85
18780401T12:00:00:00.999Z,9.8
18780501T12:00:00:00.999Z,13.05
18780601T12:00:00:00.999Z,16.1
18780701T12:00:00:00.999Z,17.4
18780801T12:00:00:00.999Z,17.4
18780901T12:00:00:00.999Z,13.75
18781001T12:00:00:00.999Z,10.75
18781101T12:00:00:00.999Z,4.6
18781201T12:00:00:00.999Z,2.55
18790101T12:00:00:00.999Z,2.2
18790201T12:00:00:00.999Z,3.55
18790301T12:00:00:00.999Z,4.85
18790401T12:00:00:00.999Z,5.95
18790501T12:00:00:00.999Z,9.05
18790601T12:00:00:00.999Z,13.6
18790701T12:00:00:00.999Z,14.45
18790801T12:00:00:00.999Z,15.25
18790901T12:00:00:00.999Z,13.05
18791001T12:00:00:00.999Z,9.1
18791101T12:00:00:00.999Z,3.8
18791201T12:00:00:00.999Z,3.45
18800101T12:00:00:00.999Z,2.75
18800201T12:00:00:00.999Z,5.7
18800301T12:00:00:00.999Z,7.1
18800401T12:00:00:00.999Z,8.45
18800501T12:00:00:00.999Z,11.15
18800601T12:00:00:00.999Z,13.95
18800701T12:00:00:00.999Z,15.95
18800801T12:00:00:00.999Z,16.85
18800901T12:00:00:00.999Z,15.65
18801001T12:00:00:00.999Z,8.55
18801101T12:00:00:00.999Z,6.45
18801201T12:00:00:00.999Z,6.45
18810101T12:00:00:00.999Z,2.9
18810201T12:00:00:00.999Z,3.9
18810301T12:00:00:00.999Z,6.2
18810401T12:00:00:00.999Z,8
18810501T12:00:00:00.999Z,12.3
18810601T12:00:00:00.999Z,14.75
18810701T12:00:00:00.999Z,17.6
18810801T12:00:00:00.999Z,15
18810901T12:00:00:00.999Z,13.55
18811001T12:00:00:00.999Z,8.05
18811101T12:00:00:00.999Z,9.7
18811201T12:00:00:00.999Z,4.6
18820101T12:00:00:00.999Z,5.25
18820201T12:00:00:00.999Z,6.35
18820301T12:00:00:00.999Z,8.3
18820401T12:00:00:00.999Z,9.4
18820501T12:00:00:00.999Z,12.35
18820601T12:00:00:00.999Z,13.6
18820701T12:00:00:00.999Z,15.95
18820801T12:00:00:00.999Z,15.7
18820901T12:00:00:00.999Z,12.8
18821001T12:00:00:00.999Z,10.4
18821101T12:00:00:00.999Z,6.55
18821201T12:00:00:00.999Z,4.85
18830101T12:00:00:00.999Z,5.75
18830201T12:00:00:00.999Z,6.95
18830301T12:00:00:00.999Z,4.2
18830401T12:00:00:00.999Z,9.25
18830501T12:00:00:00.999Z,11.65
18830601T12:00:00:00.999Z,14.85
18830701T12:00:00:00.999Z,15
18830801T12:00:00:00.999Z,16.4
18830901T12:00:00:00.999Z,13.95
18831001T12:00:00:00.999Z,10.6
18831101T12:00:00:00.999Z,6.8
18831201T12:00:00:00.999Z,5
18840101T12:00:00:00.999Z,7.3
18840201T12:00:00:00.999Z,6
18840301T12:00:00:00.999Z,6.95
18840401T12:00:00:00.999Z,7.4
18840501T12:00:00:00.999Z,12.1
18840601T12:00:00:00.999Z,14.7
18840701T12:00:00:00.999Z,16.95
18840801T12:00:00:00.999Z,17.95
18840901T12:00:00:00.999Z,15.3
18841001T12:00:00:00.999Z,9.9
18841101T12:00:00:00.999Z,5.7
18841201T12:00:00:00.999Z,5.1
18850101T12:00:00:00.999Z,2.95
18850201T12:00:00:00.999Z,6.8
18850301T12:00:00:00.999Z,5.3
18850401T12:00:00:00.999Z,8.3
18850501T12:00:00:00.999Z,9.5
18850601T12:00:00:00.999Z,14.8
18850701T12:00:00:00.999Z,17.3
18850801T12:00:00:00.999Z,14.4
18850901T12:00:00:00.999Z,12.85
18851001T12:00:00:00.999Z,8
18851101T12:00:00:00.999Z,6.2
18851201T12:00:00:00.999Z,3.85
18860101T12:00:00:00.999Z,2.55
18860201T12:00:00:00.999Z,2.2
18860301T12:00:00:00.999Z,4.65
18860401T12:00:00:00.999Z,8.35
18860501T12:00:00:00.999Z,11.35
18860601T12:00:00:00.999Z,14.05
18860701T12:00:00:00.999Z,16.9
18860801T12:00:00:00.999Z,16.6
18860901T12:00:00:00.999Z,14.65
18861001T12:00:00:00.999Z,11.9
18861101T12:00:00:00.999Z,6.65
18861201T12:00:00:00.999Z,2.9
18870101T12:00:00:00.999Z,2.6
18870201T12:00:00:00.999Z,4
18870301T12:00:00:00.999Z,3.7
18870401T12:00:00:00.999Z,6.75
18870501T12:00:00:00.999Z,10.25
18870601T12:00:00:00.999Z,15.9
18870701T12:00:00:00.999Z,18.2
18870801T12:00:00:00.999Z,16.35
18870901T12:00:00:00.999Z,12.2
18871001T12:00:00:00.999Z,7.5
18871101T12:00:00:00.999Z,5
18871201T12:00:00:00.999Z,3
18880101T12:00:00:00.999Z,3.15
18880201T12:00:00:00.999Z,2.4
18880301T12:00:00:00.999Z,3.9
18880401T12:00:00:00.999Z,6.7
18880501T12:00:00:00.999Z,11.3
18880601T12:00:00:00.999Z,13.95
18880701T12:00:00:00.999Z,14.45
18880801T12:00:00:00.999Z,14.75
18880901T12:00:00:00.999Z,13.2
18881001T12:00:00:00.999Z,8.35
18881101T12:00:00:00.999Z,8.25
18881201T12:00:00:00.999Z,5.05
18890101T12:00:00:00.999Z,2.6
18890201T12:00:00:00.999Z,3.1
18890301T12:00:00:00.999Z,5.2
18890401T12:00:00:00.999Z,7.35
18890501T12:00:00:00.999Z,13.1
18890601T12:00:00:00.999Z,15.75
18890701T12:00:00:00.999Z,15.65
18890801T12:00:00:00.999Z,15.2
18890901T12:00:00:00.999Z,13.3
18891001T12:00:00:00.999Z,9.1
18891101T12:00:00:00.999Z,6.9
18891201T12:00:00:00.999Z,2.85
18900101T12:00:00:00.999Z,6
18900201T12:00:00:00.999Z,3.3
18900301T12:00:00:00.999Z,6.35
18900401T12:00:00:00.999Z,7.45
18900501T12:00:00:00.999Z,11.8
18900601T12:00:00:00.999Z,14.35
18900701T12:00:00:00.999Z,15.25
18900801T12:00:00:00.999Z,15.1
18900901T12:00:00:00.999Z,15.05
18901001T12:00:00:00.999Z,9.85
18901101T12:00:00:00.999Z,6.1
18901201T12:00:00:00.999Z,2.1
18910101T12:00:00:00.999Z,3.1
18910201T12:00:00:00.999Z,4.55
18910301T12:00:00:00.999Z,4.4
18910401T12:00:00:00.999Z,6.7
18910501T12:00:00:00.999Z,9.85
18910601T12:00:00:00.999Z,15.15
18910701T12:00:00:00.999Z,15
18910801T12:00:00:00.999Z,14.45
18910901T12:00:00:00.999Z,14.2
18911001T12:00:00:00.999Z,9.9
18911101T12:00:00:00.999Z,5.8
18911201T12:00:00:00.999Z,4.45
18920101T12:00:00:00.999Z,2.55
18920201T12:00:00:00.999Z,3.65
18920301T12:00:00:00.999Z,3.9
18920401T12:00:00:00.999Z,8
18920501T12:00:00:00.999Z,12
18920601T12:00:00:00.999Z,13.95
18920701T12:00:00:00.999Z,14.6
18920801T12:00:00:00.999Z,15.95
18920901T12:00:00:00.999Z,12.9
18921001T12:00:00:00.999Z,7.55
18921101T12:00:00:00.999Z,6.6
18921201T12:00:00:00.999Z,2.65
18930101T12:00:00:00.999Z,2.35
18930201T12:00:00:00.999Z,5.25
18930301T12:00:00:00.999Z,7.7
18930401T12:00:00:00.999Z,10.95
18930501T12:00:00:00.999Z,13.55
18930601T12:00:00:00.999Z,16
18930701T12:00:00:00.999Z,17.05
18930801T12:00:00:00.999Z,18.1
18930901T12:00:00:00.999Z,13.75
18931001T12:00:00:00.999Z,10.45
18931101T12:00:00:00.999Z,4.95
18931201T12:00:00:00.999Z,4.55
18940101T12:00:00:00.999Z,3.65
18940201T12:00:00:00.999Z,5.4
18940301T12:00:00:00.999Z,7
18940401T12:00:00:00.999Z,10.05
18940501T12:00:00:00.999Z,9.7
18940601T12:00:00:00.999Z,14.05
18940701T12:00:00:00.999Z,16.3
18940801T12:00:00:00.999Z,14.8
18940901T12:00:00:00.999Z,12.15
18941001T12:00:00:00.999Z,9.7
18941101T12:00:00:00.999Z,8
18941201T12:00:00:00.999Z,5.15
18950101T12:00:00:00.999Z,2.45
18950201T12:00:00:00.999Z,3.55
18950301T12:00:00:00.999Z,6
18950401T12:00:00:00.999Z,9.05
18950501T12:00:00:00.999Z,13.15
18950601T12:00:00:00.999Z,15.6
18950701T12:00:00:00.999Z,16.3
18950801T12:00:00:00.999Z,16.3
18950901T12:00:00:00.999Z,16.15
18951001T12:00:00:00.999Z,7.75
18951101T12:00:00:00.999Z,8.25
18951201T12:00:00:00.999Z,4.35
18960101T12:00:00:00.999Z,4.8
18960201T12:00:00:00.999Z,4.7
18960301T12:00:00:00.999Z,7.85
18960401T12:00:00:00.999Z,9.7
18960501T12:00:00:00.999Z,12.4
18960601T12:00:00:00.999Z,16.95
18960701T12:00:00:00.999Z,17.45
18960801T12:00:00:00.999Z,15.1
18960901T12:00:00:00.999Z,13.85
18961001T12:00:00:00.999Z,8
18961101T12:00:00:00.999Z,4.7
18961201T12:00:00:00.999Z,4.2
18970101T12:00:00:00.999Z,2.05
18970201T12:00:00:00.999Z,6.45
18970301T12:00:00:00.999Z,7.35
18970401T12:00:00:00.999Z,7.85
18970501T12:00:00:00.999Z,10.7
18970601T12:00:00:00.999Z,15.9
18970701T12:00:00:00.999Z,17.35
18970801T12:00:00:00.999Z,16.5
18970901T12:00:00:00.999Z,12.8
18971001T12:00:00:00.999Z,10.25
18971101T12:00:00:00.999Z,7.25
18971201T12:00:00:00.999Z,4.75
18980101T12:00:00:00.999Z,6.4
18980201T12:00:00:00.999Z,5.25
18980301T12:00:00:00.999Z,4.55
18980401T12:00:00:00.999Z,8.65
18980501T12:00:00:00.999Z,10.8
18980601T12:00:00:00.999Z,14.15
18980701T12:00:00:00.999Z,16.2
18980801T12:00:00:00.999Z,17.45
18980901T12:00:00:00.999Z,16.1
18981001T12:00:00:00.999Z,11.5
18981101T12:00:00:00.999Z,7.55
18981201T12:00:00:00.999Z,7.6
18990101T12:00:00:00.999Z,5.7
18990201T12:00:00:00.999Z,5.8
18990301T12:00:00:00.999Z,5.5
18990401T12:00:00:00.999Z,8.65
18990501T12:00:00:00.999Z,10.8
18990601T12:00:00:00.999Z,16.15
18990701T12:00:00:00.999Z,18.55
18990801T12:00:00:00.999Z,18.6
18990901T12:00:00:00.999Z,14.45
18991001T12:00:00:00.999Z,9.4
18991101T12:00:00:00.999Z,8.35
18991201T12:00:00:00.999Z,2.6
19000101T12:00:00:00.999Z,4.65
19000201T12:00:00:00.999Z,3.35
19000301T12:00:00:00.999Z,4.05
19000401T12:00:00:00.999Z,8.8
19000501T12:00:00:00.999Z,10.75
19000601T12:00:00:00.999Z,15.05
19000701T12:00:00:00.999Z,18.85
19000801T12:00:00:00.999Z,15.95
19000901T12:00:00:00.999Z,14.4
19001001T12:00:00:00.999Z,10.45
19001101T12:00:00:00.999Z,7.85
19001201T12:00:00:00.999Z,7.6
19010101T12:00:00:00.999Z,3.5
19010201T12:00:00:00.999Z,2.5
19010301T12:00:00:00.999Z,4.4
19010401T12:00:00:00.999Z,9.15
19010501T12:00:00:00.999Z,11.8
19010601T12:00:00:00.999Z,14.6
19010701T12:00:00:00.999Z,18.5
19010801T12:00:00:00.999Z,16.45
19010901T12:00:00:00.999Z,14.25
19011001T12:00:00:00.999Z,10.15
19011101T12:00:00:00.999Z,4.9
19011201T12:00:00:00.999Z,3.65
19020101T12:00:00:00.999Z,5.2
19020201T12:00:00:00.999Z,2.6
19020301T12:00:00:00.999Z,7.4
19020401T12:00:00:00.999Z,8.1
19020501T12:00:00:00.999Z,9.6
19020601T12:00:00:00.999Z,14.15
19020701T12:00:00:00.999Z,15.75
19020801T12:00:00:00.999Z,15.35
19020901T12:00:00:00.999Z,13.25
19021001T12:00:00:00.999Z,9.9
19021101T12:00:00:00.999Z,7.05
19021201T12:00:00:00.999Z,4.75
19030101T12:00:00:00.999Z,4.65
19030201T12:00:00:00.999Z,7.5
19030301T12:00:00:00.999Z,7.7
19030401T12:00:00:00.999Z,6.8
19030501T12:00:00:00.999Z,11.7
19030601T12:00:00:00.999Z,13.2
19030701T12:00:00:00.999Z,16.3
19030801T12:00:00:00.999Z,14.85
19030901T12:00:00:00.999Z,13.75
19031001T12:00:00:00.999Z,11.25
19031101T12:00:00:00.999Z,6.75
19031201T12:00:00:00.999Z,3.65
19040101T12:00:00:00.999Z,4.1
19040201T12:00:00:00.999Z,3.95
19040301T12:00:00:00.999Z,4.95
19040401T12:00:00:00.999Z,9.6
19040501T12:00:00:00.999Z,11.5
19040601T12:00:00:00.999Z,14
19040701T12:00:00:00.999Z,18.1
19040801T12:00:00:00.999Z,15.8
19040901T12:00:00:00.999Z,12.6
19041001T12:00:00:00.999Z,9.9
19041101T12:00:00:00.999Z,5.25
19041201T12:00:00:00.999Z,4
19050101T12:00:00:00.999Z,3.35
19050201T12:00:00:00.999Z,5.8
19050301T12:00:00:00.999Z,7.5
19050401T12:00:00:00.999Z,8
19050501T12:00:00:00.999Z,11.4
19050601T12:00:00:00.999Z,15.2
19050701T12:00:00:00.999Z,18.35
19050801T12:00:00:00.999Z,15.55
19050901T12:00:00:00.999Z,13.1
19051001T12:00:00:00.999Z,7.6
19051101T12:00:00:00.999Z,5.25
19051201T12:00:00:00.999Z,4.6
19060101T12:00:00:00.999Z,5.75
19060201T12:00:00:00.999Z,3.65
19060301T12:00:00:00.999Z,5.7
19060401T12:00:00:00.999Z,7.95
19060501T12:00:00:00.999Z,11.35
19060601T12:00:00:00.999Z,14.75
19060701T12:00:00:00.999Z,16.9
19060801T12:00:00:00.999Z,18
19060901T12:00:00:00.999Z,14.9
19061001T12:00:00:00.999Z,11.6
19061101T12:00:00:00.999Z,7.6
19061201T12:00:00:00.999Z,3.4
19070101T12:00:00:00.999Z,3.7
19070201T12:00:00:00.999Z,3.3
19070301T12:00:00:00.999Z,6.95
19070401T12:00:00:00.999Z,8.35
19070501T12:00:00:00.999Z,11.6
19070601T12:00:00:00.999Z,13.15
19070701T12:00:00:00.999Z,14.8
19070801T12:00:00:00.999Z,15.15
19070901T12:00:00:00.999Z,14.35
19071001T12:00:00:00.999Z,10.35
19071101T12:00:00:00.999Z,7.2
19071201T12:00:00:00.999Z,5.4
19080101T12:00:00:00.999Z,2.95
19080201T12:00:00:00.999Z,5.65
19080301T12:00:00:00.999Z,4.9
19080401T12:00:00:00.999Z,6.4
19080501T12:00:00:00.999Z,13.3
19080601T12:00:00:00.999Z,15.15
19080701T12:00:00:00.999Z,16.85
19080801T12:00:00:00.999Z,15.35
19080901T12:00:00:00.999Z,13.2
19081001T12:00:00:00.999Z,12.1
19081101T12:00:00:00.999Z,8.05
19081201T12:00:00:00.999Z,4.05
19090101T12:00:00:00.999Z,3.65
19090201T12:00:00:00.999Z,3.55
19090301T12:00:00:00.999Z,4.15
19090401T12:00:00:00.999Z,9.3
19090501T12:00:00:00.999Z,11.35
19090601T12:00:00:00.999Z,12.45
19090701T12:00:00:00.999Z,15.65
19090801T12:00:00:00.999Z,16.45
19090901T12:00:00:00.999Z,12.6
19091001T12:00:00:00.999Z,11.1
19091101T12:00:00:00.999Z,5.3
19091201T12:00:00:00.999Z,4.6
19100101T12:00:00:00.999Z,4.15
19100201T12:00:00:00.999Z,5.7
19100301T12:00:00:00.999Z,6.25
19100401T12:00:00:00.999Z,8
19100501T12:00:00:00.999Z,11.9
19100601T12:00:00:00.999Z,15.6
19100701T12:00:00:00.999Z,14.7
19100801T12:00:00:00.999Z,15.75
19100901T12:00:00:00.999Z,13.1
19101001T12:00:00:00.999Z,11.35
19101101T12:00:00:00.999Z,3.65
19101201T12:00:00:00.999Z,6.75
19110101T12:00:00:00.999Z,3.8
19110201T12:00:00:00.999Z,5.2
19110301T12:00:00:00.999Z,5.6
19110401T12:00:00:00.999Z,8.2
19110501T12:00:00:00.999Z,13.5
19110601T12:00:00:00.999Z,15.3
19110701T12:00:00:00.999Z,19.6
19110801T12:00:00:00.999Z,19.45
19110901T12:00:00:00.999Z,15.4
19111001T12:00:00:00.999Z,10.05
19111101T12:00:00:00.999Z,6.45
19111201T12:00:00:00.999Z,6.85
19120101T12:00:00:00.999Z,4.25
19120201T12:00:00:00.999Z,6.25
19120301T12:00:00:00.999Z,7.9
19120401T12:00:00:00.999Z,9.25
19120501T12:00:00:00.999Z,13.15
19120601T12:00:00:00.999Z,14.4
19120701T12:00:00:00.999Z,16.8
19120801T12:00:00:00.999Z,13.55
19120901T12:00:00:00.999Z,11.45
19121001T12:00:00:00.999Z,8.6
19121101T12:00:00:00.999Z,6.65
19121201T12:00:00:00.999Z,7.55
19130101T12:00:00:00.999Z,5.3
19130201T12:00:00:00.999Z,4.85
19130301T12:00:00:00.999Z,6.85
19130401T12:00:00:00.999Z,8.45
19130501T12:00:00:00.999Z,12.4
19130601T12:00:00:00.999Z,14.95
19130701T12:00:00:00.999Z,15.5
19130801T12:00:00:00.999Z,16.05
19130901T12:00:00:00.999Z,14.7
19131001T12:00:00:00.999Z,11.75
19131101T12:00:00:00.999Z,8.8
19131201T12:00:00:00.999Z,5.15
19140101T12:00:00:00.999Z,3.6
19140201T12:00:00:00.999Z,7.1
19140301T12:00:00:00.999Z,6.7
19140401T12:00:00:00.999Z,10.3
19140501T12:00:00:00.999Z,11.5
19140601T12:00:00:00.999Z,15.4
19140701T12:00:00:00.999Z,16.55
19140801T12:00:00:00.999Z,16.95
19140901T12:00:00:00.999Z,13.9
19141001T12:00:00:00.999Z,10.9
19141101T12:00:00:00.999Z,7.1
19141201T12:00:00:00.999Z,5.3
19150101T12:00:00:00.999Z,4.35
19150201T12:00:00:00.999Z,4.9
19150301T12:00:00:00.999Z,5.55
19150401T12:00:00:00.999Z,8.2
19150501T12:00:00:00.999Z,11.75
19150601T12:00:00:00.999Z,15.05
19150701T12:00:00:00.999Z,15.5
19150801T12:00:00:00.999Z,16.5
19150901T12:00:00:00.999Z,13.7
19151001T12:00:00:00.999Z,9.5
19151101T12:00:00:00.999Z,3.5
19151201T12:00:00:00.999Z,6.25
19160101T12:00:00:00.999Z,7.7
19160201T12:00:00:00.999Z,3.8
19160301T12:00:00:00.999Z,3.8
19160401T12:00:00:00.999Z,9.1
19160501T12:00:00:00.999Z,12.45
19160601T12:00:00:00.999Z,12
19160701T12:00:00:00.999Z,15.95
19160801T12:00:00:00.999Z,17.2
19160901T12:00:00:00.999Z,13.3
19161001T12:00:00:00.999Z,11.4
19161101T12:00:00:00.999Z,6.6
19161201T12:00:00:00.999Z,2.35
19170101T12:00:00:00.999Z,1.65
19170201T12:00:00:00.999Z,2.85
19170301T12:00:00:00.999Z,3.45
19170401T12:00:00:00.999Z,6.15
19170501T12:00:00:00.999Z,13.85
19170601T12:00:00:00.999Z,16.1
19170701T12:00:00:00.999Z,16.5
19170801T12:00:00:00.999Z,15.85
19170901T12:00:00:00.999Z,14.75
19171001T12:00:00:00.999Z,8.1
19171101T12:00:00:00.999Z,7.95
19171201T12:00:00:00.999Z,2.7
19180101T12:00:00:00.999Z,3.85
19180201T12:00:00:00.999Z,6.55
19180301T12:00:00:00.999Z,6.5
19180401T12:00:00:00.999Z,7.05
19180501T12:00:00:00.999Z,13.55
19180601T12:00:00:00.999Z,13.7
19180701T12:00:00:00.999Z,16.25
19180801T12:00:00:00.999Z,16.55
19180901T12:00:00:00.999Z,12.55
19181001T12:00:00:00.999Z,9.5
19181101T12:00:00:00.999Z,5.65
19181201T12:00:00:00.999Z,7.45
19190101T12:00:00:00.999Z,2.9
19190201T12:00:00:00.999Z,2.65
19190301T12:00:00:00.999Z,4.25
19190401T12:00:00:00.999Z,7.55
19190501T12:00:00:00.999Z,13.65
19190601T12:00:00:00.999Z,15.05
19190701T12:00:00:00.999Z,14.45
19190801T12:00:00:00.999Z,17.2
19190901T12:00:00:00.999Z,13.35
19191001T12:00:00:00.999Z,7.2
19191101T12:00:00:00.999Z,3.55
19191201T12:00:00:00.999Z,5.9
19200101T12:00:00:00.999Z,5.7
19200201T12:00:00:00.999Z,6.3
19200301T12:00:00:00.999Z,7.9
19200401T12:00:00:00.999Z,8.95
19200501T12:00:00:00.999Z,12.45
19200601T12:00:00:00.999Z,14.85
19200701T12:00:00:00.999Z,14.6
19200801T12:00:00:00.999Z,13.85
19200901T12:00:00:00.999Z,13.7
19201001T12:00:00:00.999Z,10.55
19201101T12:00:00:00.999Z,6.6
19201201T12:00:00:00.999Z,4.5
19210101T12:00:00:00.999Z,7.55
19210201T12:00:00:00.999Z,5
19210301T12:00:00:00.999Z,7.95
19210401T12:00:00:00.999Z,9.05
19210501T12:00:00:00.999Z,12.2
19210601T12:00:00:00.999Z,15.45
19210701T12:00:00:00.999Z,19.7
19210801T12:00:00:00.999Z,16.5
19210901T12:00:00:00.999Z,14.95
19211001T12:00:00:00.999Z,13.55
19211101T12:00:00:00.999Z,4.85
19211201T12:00:00:00.999Z,6.5
19220101T12:00:00:00.999Z,4.2
19220201T12:00:00:00.999Z,4.85
19220301T12:00:00:00.999Z,5.15
19220401T12:00:00:00.999Z,6.15
19220501T12:00:00:00.999Z,14
19220601T12:00:00:00.999Z,14.6
19220701T12:00:00:00.999Z,14.45
19220801T12:00:00:00.999Z,14.1
19220901T12:00:00:00.999Z,12.85
19221001T12:00:00:00.999Z,8.45
19221101T12:00:00:00.999Z,5.65
19221201T12:00:00:00.999Z,6.15
19230101T12:00:00:00.999Z,5.3
19230201T12:00:00:00.999Z,6.25
19230301T12:00:00:00.999Z,6.7
19230401T12:00:00:00.999Z,8.25
19230501T12:00:00:00.999Z,10.35
19230601T12:00:00:00.999Z,13.05
19230701T12:00:00:00.999Z,18.45
19230801T12:00:00:00.999Z,16.25
19230901T12:00:00:00.999Z,13.25
19231001T12:00:00:00.999Z,10.35
19231101T12:00:00:00.999Z,3.4
19231201T12:00:00:00.999Z,4.2
19240101T12:00:00:00.999Z,5.35
19240201T12:00:00:00.999Z,3.35
19240301T12:00:00:00.999Z,4.9
19240401T12:00:00:00.999Z,8.1
19240501T12:00:00:00.999Z,12.45
19240601T12:00:00:00.999Z,14.75
19240701T12:00:00:00.999Z,15.8
19240801T12:00:00:00.999Z,14.65
19240901T12:00:00:00.999Z,13.95
19241001T12:00:00:00.999Z,10.7
19241101T12:00:00:00.999Z,7.45
19241201T12:00:00:00.999Z,6.7
19250101T12:00:00:00.999Z,5.35
19250201T12:00:00:00.999Z,5.75
19250301T12:00:00:00.999Z,5.2
19250401T12:00:00:00.999Z,7.9
19250501T12:00:00:00.999Z,12.3
19250601T12:00:00:00.999Z,15.7
19250701T12:00:00:00.999Z,17.4
19250801T12:00:00:00.999Z,16.05
19250901T12:00:00:00.999Z,12.05
19251001T12:00:00:00.999Z,11.05
19251101T12:00:00:00.999Z,4.55
19251201T12:00:00:00.999Z,3.2
19260101T12:00:00:00.999Z,4.5
19260201T12:00:00:00.999Z,7.45
19260301T12:00:00:00.999Z,6.95
19260401T12:00:00:00.999Z,9.65
19260501T12:00:00:00.999Z,10.85
19260601T12:00:00:00.999Z,14.1
19260701T12:00:00:00.999Z,17.25
19260801T12:00:00:00.999Z,16.85
19260901T12:00:00:00.999Z,15.3
19261001T12:00:00:00.999Z,8.55
19261101T12:00:00:00.999Z,6.8
19261201T12:00:00:00.999Z,4.1
19270101T12:00:00:00.999Z,4.8
19270201T12:00:00:00.999Z,4.15
19270301T12:00:00:00.999Z,7.95
19270401T12:00:00:00.999Z,8.8
19270501T12:00:00:00.999Z,12.25
19270601T12:00:00:00.999Z,13.35
19270701T12:00:00:00.999Z,16.1
19270801T12:00:00:00.999Z,16.15
19270901T12:00:00:00.999Z,13
19271001T12:00:00:00.999Z,10.9
19271101T12:00:00:00.999Z,6.5
19271201T12:00:00:00.999Z,2.15
19280101T12:00:00:00.999Z,5.6
19280201T12:00:00:00.999Z,6.25
19280301T12:00:00:00.999Z,7
19280401T12:00:00:00.999Z,8.75
19280501T12:00:00:00.999Z,11.45
19280601T12:00:00:00.999Z,13.85
19280701T12:00:00:00.999Z,17.85
19280801T12:00:00:00.999Z,15.95
19280901T12:00:00:00.999Z,13.55
19281001T12:00:00:00.999Z,10.8
19281101T12:00:00:00.999Z,8.05
19281201T12:00:00:00.999Z,3.5
19290101T12:00:00:00.999Z,2.4
19290201T12:00:00:00.999Z,3.15
19290301T12:00:00:00.999Z,6.5
19290401T12:00:00:00.999Z,7.15
19290501T12:00:00:00.999Z,11.75
19290601T12:00:00:00.999Z,13.9
19290701T12:00:00:00.999Z,16.95
19290801T12:00:00:00.999Z,16.4
19290901T12:00:00:00.999Z,16.95
19291001T12:00:00:00.999Z,10.2
19291101T12:00:00:00.999Z,7.15
19291201T12:00:00:00.999Z,6.3
19300101T12:00:00:00.999Z,6.2
19300201T12:00:00:00.999Z,2.85
19300301T12:00:00:00.999Z,5.8
19300401T12:00:00:00.999Z,8.75
19300501T12:00:00:00.999Z,11.3
19300601T12:00:00:00.999Z,15.95
19300701T12:00:00:00.999Z,15.9
19300801T12:00:00:00.999Z,16.6
19300901T12:00:00:00.999Z,14.25
19301001T12:00:00:00.999Z,11.05
19301101T12:00:00:00.999Z,6.5
19301201T12:00:00:00.999Z,4.45
19310101T12:00:00:00.999Z,3.65
19310201T12:00:00:00.999Z,4.35
19310301T12:00:00:00.999Z,4.75
19310401T12:00:00:00.999Z,8.25
19310501T12:00:00:00.999Z,11.95
19310601T12:00:00:00.999Z,15.25
19310701T12:00:00:00.999Z,15.85
19310801T12:00:00:00.999Z,15.15
19310901T12:00:00:00.999Z,12
19311001T12:00:00:00.999Z,9.3
19311101T12:00:00:00.999Z,8.05
19311201T12:00:00:00.999Z,5.3
19320101T12:00:00:00.999Z,6.45
19320201T12:00:00:00.999Z,3.1
19320301T12:00:00:00.999Z,5
19320401T12:00:00:00.999Z,7.55
19320501T12:00:00:00.999Z,11.15
19320601T12:00:00:00.999Z,14.35
19320701T12:00:00:00.999Z,16.65
19320801T12:00:00:00.999Z,18.25
19320901T12:00:00:00.999Z,13.7
19321001T12:00:00:00.999Z,9.5
19321101T12:00:00:00.999Z,6.8
19321201T12:00:00:00.999Z,5.85
19330101T12:00:00:00.999Z,3
19330201T12:00:00:00.999Z,4.65
19330301T12:00:00:00.999Z,8.1
19330401T12:00:00:00.999Z,9.45
19330501T12:00:00:00.999Z,12.9
19330601T12:00:00:00.999Z,16
19330701T12:00:00:00.999Z,18.75
19330801T12:00:00:00.999Z,18.65
19330901T12:00:00:00.999Z,15.65
19331001T12:00:00:00.999Z,10.35
19331101T12:00:00:00.999Z,5.8
19331201T12:00:00:00.999Z,2.1
19340101T12:00:00:00.999Z,4.05
19340201T12:00:00:00.999Z,4
19340301T12:00:00:00.999Z,5.45
19340401T12:00:00:00.999Z,8.6
19340501T12:00:00:00.999Z,12.25
19340601T12:00:00:00.999Z,15.85
19340701T12:00:00:00.999Z,19.1
19340801T12:00:00:00.999Z,16.25
19340901T12:00:00:00.999Z,15.45
19341001T12:00:00:00.999Z,11.05
19341101T12:00:00:00.999Z,6.6
19341201T12:00:00:00.999Z,8.2
19350101T12:00:00:00.999Z,4.9
19350201T12:00:00:00.999Z,6.1
19350301T12:00:00:00.999Z,6.95
19350401T12:00:00:00.999Z,8.5
19350501T12:00:00:00.999Z,10.25
19350601T12:00:00:00.999Z,15.6
19350701T12:00:00:00.999Z,18.3
19350801T12:00:00:00.999Z,17.75
19350901T12:00:00:00.999Z,14.45
19351001T12:00:00:00.999Z,10.05
19351101T12:00:00:00.999Z,7.35
19351201T12:00:00:00.999Z,3.25
19360101T12:00:00:00.999Z,4.45
19360201T12:00:00:00.999Z,3.25
19360301T12:00:00:00.999Z,7.55
19360401T12:00:00:00.999Z,6.8
19360501T12:00:00:00.999Z,11.95
19360601T12:00:00:00.999Z,15.3
19360701T12:00:00:00.999Z,15.8
19360801T12:00:00:00.999Z,16.95
19360901T12:00:00:00.999Z,15
19361001T12:00:00:00.999Z,9.5
19361101T12:00:00:00.999Z,5.6
19361201T12:00:00:00.999Z,5.35
19370101T12:00:00:00.999Z,5.45
19370201T12:00:00:00.999Z,6.5
19370301T12:00:00:00.999Z,4.25
19370401T12:00:00:00.999Z,9.65
19370501T12:00:00:00.999Z,12.85
19370601T12:00:00:00.999Z,15
19370701T12:00:00:00.999Z,16.9
19370801T12:00:00:00.999Z,18.05
19370901T12:00:00:00.999Z,14.2
19371001T12:00:00:00.999Z,11
19371101T12:00:00:00.999Z,5.1
19371201T12:00:00:00.999Z,3.35
19380101T12:00:00:00.999Z,6.1
19380201T12:00:00:00.999Z,5.1
19380301T12:00:00:00.999Z,9.9
19380401T12:00:00:00.999Z,7.75
19380501T12:00:00:00.999Z,11.2
19380601T12:00:00:00.999Z,15.55
19380701T12:00:00:00.999Z,16.35
19380801T12:00:00:00.999Z,17.25
19380901T12:00:00:00.999Z,14.55
19381001T12:00:00:00.999Z,10.9
19381101T12:00:00:00.999Z,9.9
19381201T12:00:00:00.999Z,4.35
19390101T12:00:00:00.999Z,4.85
19390201T12:00:00:00.999Z,6.15
19390301T12:00:00:00.999Z,6.2
19390401T12:00:00:00.999Z,9.5
19390501T12:00:00:00.999Z,11.8
19390601T12:00:00:00.999Z,14.6
19390701T12:00:00:00.999Z,15.95
19390801T12:00:00:00.999Z,16.95
19390901T12:00:00:00.999Z,15.05
19391001T12:00:00:00.999Z,8.85
19391101T12:00:00:00.999Z,9.4
19391201T12:00:00:00.999Z,3.1
19400101T12:00:00:00.999Z,3.25
19400201T12:00:00:00.999Z,2.9
19400301T12:00:00:00.999Z,6.65
19400401T12:00:00:00.999Z,9.45
19400501T12:00:00:00.999Z,13.2
19400601T12:00:00:00.999Z,16.85
19400701T12:00:00:00.999Z,15.8
19400801T12:00:00:00.999Z,16.6
19400901T12:00:00:00.999Z,13.9
19401001T12:00:00:00.999Z,9.95
19401101T12:00:00:00.999Z,7.3
19401201T12:00:00:00.999Z,3.7
19410101T12:00:00:00.999Z,2.1
19410201T12:00:00:00.999Z,4.3
19410301T12:00:00:00.999Z,5.4
19410401T12:00:00:00.999Z,7.15
19410501T12:00:00:00.999Z,9.55
19410601T12:00:00:00.999Z,15.95
19410701T12:00:00:00.999Z,18.35
19410801T12:00:00:00.999Z,15.3
19410901T12:00:00:00.999Z,14.7
19411001T12:00:00:00.999Z,10.55
19411101T12:00:00:00.999Z,7.1
19411201T12:00:00:00.999Z,5.5
19420101T12:00:00:00.999Z,2.75
19420201T12:00:00:00.999Z,2.7
19420301T12:00:00:00.999Z,5.65
19420401T12:00:00:00.999Z,9.7
19420501T12:00:00:00.999Z,11.8
19420601T12:00:00:00.999Z,15.5
19420701T12:00:00:00.999Z,16.35
19420801T12:00:00:00.999Z,17.3
19420901T12:00:00:00.999Z,14.3
19421001T12:00:00:00.999Z,10.95
19421101T12:00:00:00.999Z,5.15
19421201T12:00:00:00.999Z,7.05
19430101T12:00:00:00.999Z,5.6
19430201T12:00:00:00.999Z,6.1
19430301T12:00:00:00.999Z,6.95
19430401T12:00:00:00.999Z,11.55
19430501T12:00:00:00.999Z,12.95
19430601T12:00:00:00.999Z,15.2
19430701T12:00:00:00.999Z,17.45
19430801T12:00:00:00.999Z,17.1
19430901T12:00:00:00.999Z,14
19431001T12:00:00:00.999Z,10.9
19431101T12:00:00:00.999Z,6.35
19431201T12:00:00:00.999Z,3.5
19440101T12:00:00:00.999Z,6.1
19440201T12:00:00:00.999Z,3.65
19440301T12:00:00:00.999Z,5.75
19440401T12:00:00:00.999Z,10.95
19440501T12:00:00:00.999Z,12.4
19440601T12:00:00:00.999Z,14.3
19440701T12:00:00:00.999Z,17.3
19440801T12:00:00:00.999Z,18.1
19440901T12:00:00:00.999Z,13.25
19441001T12:00:00:00.999Z,9.9
19441101T12:00:00:00.999Z,6.7
19441201T12:00:00:00.999Z,3.4
19450101T12:00:00:00.999Z,2.6
19450201T12:00:00:00.999Z,7.8
19450301T12:00:00:00.999Z,8.5
19450401T12:00:00:00.999Z,10.85
19450501T12:00:00:00.999Z,13.1
19450601T12:00:00:00.999Z,15.25
19450701T12:00:00:00.999Z,17.45
19450801T12:00:00:00.999Z,16.5
19450901T12:00:00:00.999Z,15.05
19451001T12:00:00:00.999Z,12.25
19451101T12:00:00:00.999Z,7.2
19451201T12:00:00:00.999Z,5.3
19460101T12:00:00:00.999Z,3
19460201T12:00:00:00.999Z,6.7
19460301T12:00:00:00.999Z,5.45
19460401T12:00:00:00.999Z,10.55
19460501T12:00:00:00.999Z,10.95
19460601T12:00:00:00.999Z,13.8
19460701T12:00:00:00.999Z,17.5
19460801T12:00:00:00.999Z,15.75
19460901T12:00:00:00.999Z,14.7
19461001T12:00:00:00.999Z,10.4
19461101T12:00:00:00.999Z,8.45
19461201T12:00:00:00.999Z,3.15
19470101T12:00:00:00.999Z,2.75
19470201T12:00:00:00.999Z,2.3
19470301T12:00:00:00.999Z,4.5
19470401T12:00:00:00.999Z,9.5
19470501T12:00:00:00.999Z,14.1
19470601T12:00:00:00.999Z,16.45
19470701T12:00:00:00.999Z,18.1
19470801T12:00:00:00.999Z,19.45
19470901T12:00:00:00.999Z,15.9
19471001T12:00:00:00.999Z,10.7
19471101T12:00:00:00.999Z,7.75
19471201T12:00:00:00.999Z,5.45
19480101T12:00:00:00.999Z,6.15
19480201T12:00:00:00.999Z,5.05
19480301T12:00:00:00.999Z,8.75
19480401T12:00:00:00.999Z,9.6
19480501T12:00:00:00.999Z,12
19480601T12:00:00:00.999Z,14.2
19480701T12:00:00:00.999Z,16.6
19480801T12:00:00:00.999Z,16
19480901T12:00:00:00.999Z,14.9
19481001T12:00:00:00.999Z,10.35
19481101T12:00:00:00.999Z,7.35
19481201T12:00:00:00.999Z,6.25
19490101T12:00:00:00.999Z,5.85
19490201T12:00:00:00.999Z,5.95
19490301T12:00:00:00.999Z,5.35
19490401T12:00:00:00.999Z,10.8
19490501T12:00:00:00.999Z,11.65
19490601T12:00:00:00.999Z,15.95
19490701T12:00:00:00.999Z,18.75
19490801T12:00:00:00.999Z,17.75
19490901T12:00:00:00.999Z,17.25
19491001T12:00:00:00.999Z,12.35
19491101T12:00:00:00.999Z,6.65
19491201T12:00:00:00.999Z,6.2
19500101T12:00:00:00.999Z,4.2
19500201T12:00:00:00.999Z,6.15
19500301T12:00:00:00.999Z,7.9
19500401T12:00:00:00.999Z,8.35
19500501T12:00:00:00.999Z,11.55
19500601T12:00:00:00.999Z,16.95
19500701T12:00:00:00.999Z,16.65
19500801T12:00:00:00.999Z,16.5
19500901T12:00:00:00.999Z,13.65
19501001T12:00:00:00.999Z,10
19501101T12:00:00:00.999Z,6.35
19501201T12:00:00:00.999Z,2.2
19510101T12:00:00:00.999Z,4.55
19510201T12:00:00:00.999Z,4.15
19510301T12:00:00:00.999Z,4.8
19510401T12:00:00:00.999Z,7.45
19510501T12:00:00:00.999Z,10.5
19510601T12:00:00:00.999Z,14.55
19510701T12:00:00:00.999Z,17.2
19510801T12:00:00:00.999Z,15.8
19510901T12:00:00:00.999Z,14.75
19511001T12:00:00:00.999Z,9.4
19511101T12:00:00:00.999Z,8.95
19511201T12:00:00:00.999Z,6
19520101T12:00:00:00.999Z,3.15
19520201T12:00:00:00.999Z,3.6
19520301T12:00:00:00.999Z,7.2
19520401T12:00:00:00.999Z,10.3
19520501T12:00:00:00.999Z,14.3
19520601T12:00:00:00.999Z,15.5
19520701T12:00:00:00.999Z,17.95
19520801T12:00:00:00.999Z,16.85
19520901T12:00:00:00.999Z,11.45
19521001T12:00:00:00.999Z,9.25
19521101T12:00:00:00.999Z,4.15
19521201T12:00:00:00.999Z,3.3
19530101T12:00:00:00.999Z,3.1
19530201T12:00:00:00.999Z,4.2
19530301T12:00:00:00.999Z,5.55
19530401T12:00:00:00.999Z,8
19530501T12:00:00:00.999Z,13.05
19530601T12:00:00:00.999Z,14.6
19530701T12:00:00:00.999Z,16.05
19530801T12:00:00:00.999Z,16.95
19530901T12:00:00:00.999Z,14.3
19531001T12:00:00:00.999Z,10.25
19531101T12:00:00:00.999Z,8.6
19531201T12:00:00:00.999Z,7.25
19540101T12:00:00:00.999Z,2.95
19540201T12:00:00:00.999Z,3.35
19540301T12:00:00:00.999Z,6.5
19540401T12:00:00:00.999Z,7.8
19540501T12:00:00:00.999Z,11.55
19540601T12:00:00:00.999Z,14.1
19540701T12:00:00:00.999Z,14.95
19540801T12:00:00:00.999Z,15.25
19540901T12:00:00:00.999Z,13.5
19541001T12:00:00:00.999Z,12.55
19541101T12:00:00:00.999Z,7.35
19541201T12:00:00:00.999Z,7
19550101T12:00:00:00.999Z,2.85
19550201T12:00:00:00.999Z,2.8
19550301T12:00:00:00.999Z,3.95
19550401T12:00:00:00.999Z,10.1
19550501T12:00:00:00.999Z,10.3
19550601T12:00:00:00.999Z,14.7
19550701T12:00:00:00.999Z,18.15
19550801T12:00:00:00.999Z,18.95
19550901T12:00:00:00.999Z,14.7
19551001T12:00:00:00.999Z,9.65
19551101T12:00:00:00.999Z,7.05
19551201T12:00:00:00.999Z,5.8
19560101T12:00:00:00.999Z,3.85
19560201T12:00:00:00.999Z,3
19560301T12:00:00:00.999Z,6.5
19560401T12:00:00:00.999Z,7.4
19560501T12:00:00:00.999Z,12.65
19560601T12:00:00:00.999Z,13.75
19560701T12:00:00:00.999Z,16.7
19560801T12:00:00:00.999Z,14.5
19560901T12:00:00:00.999Z,14.75
19561001T12:00:00:00.999Z,9.7
19561101T12:00:00:00.999Z,6
19561201T12:00:00:00.999Z,5.85
19570101T12:00:00:00.999Z,5.8
19570201T12:00:00:00.999Z,6.15
19570301T12:00:00:00.999Z,9.75
19570401T12:00:00:00.999Z,9.3
19570501T12:00:00:00.999Z,10.8
19570601T12:00:00:00.999Z,16.15
19570701T12:00:00:00.999Z,17.45
19570801T12:00:00:00.999Z,16.25
19570901T12:00:00:00.999Z,13.3
19571001T12:00:00:00.999Z,11.5
19571101T12:00:00:00.999Z,6.25
19571201T12:00:00:00.999Z,4.5
19580101T12:00:00:00.999Z,3.8
19580201T12:00:00:00.999Z,5.65
19580301T12:00:00:00.999Z,4.35
19580401T12:00:00:00.999Z,7.85
19580501T12:00:00:00.999Z,12.15
19580601T12:00:00:00.999Z,14.9
19580701T12:00:00:00.999Z,16.55
19580801T12:00:00:00.999Z,16.45
19580901T12:00:00:00.999Z,15.55
19581001T12:00:00:00.999Z,11.25
19581101T12:00:00:00.999Z,6.75
19581201T12:00:00:00.999Z,5.05
19590101T12:00:00:00.999Z,2.75
19590201T12:00:00:00.999Z,4.2
19590301T12:00:00:00.999Z,7.75
19590401T12:00:00:00.999Z,10.25
19590501T12:00:00:00.999Z,13
19590601T12:00:00:00.999Z,15.95
19590701T12:00:00:00.999Z,18.35
19590801T12:00:00:00.999Z,18.15
19590901T12:00:00:00.999Z,15.6
19591001T12:00:00:00.999Z,12.55
19591101T12:00:00:00.999Z,7.15
19591201T12:00:00:00.999Z,6.3
19600101T12:00:00:00.999Z,4.05
19600201T12:00:00:00.999Z,4.7
19600301T12:00:00:00.999Z,6.85
19600401T12:00:00:00.999Z,9.4
19600501T12:00:00:00.999Z,13.3
19600601T12:00:00:00.999Z,16.85
19600701T12:00:00:00.999Z,15.75
19600801T12:00:00:00.999Z,15.7
19600901T12:00:00:00.999Z,13.8
19601001T12:00:00:00.999Z,10.85
19601101T12:00:00:00.999Z,7.75
19601201T12:00:00:00.999Z,4.4
19610101T12:00:00:00.999Z,4.2
19610201T12:00:00:00.999Z,7.6
19610301T12:00:00:00.999Z,8.65
19610401T12:00:00:00.999Z,10.7
19610501T12:00:00:00.999Z,11.75
19610601T12:00:00:00.999Z,15.55
19610701T12:00:00:00.999Z,16.5
19610801T12:00:00:00.999Z,16.55
19610901T12:00:00:00.999Z,15.95
19611001T12:00:00:00.999Z,11.25
19611101T12:00:00:00.999Z,6.15
19611201T12:00:00:00.999Z,2.8
19620101T12:00:00:00.999Z,4.55
19620201T12:00:00:00.999Z,4.55
19620301T12:00:00:00.999Z,4
19620401T12:00:00:00.999Z,8.25
19620501T12:00:00:00.999Z,10.9
19620601T12:00:00:00.999Z,14.55
19620701T12:00:00:00.999Z,16
19620801T12:00:00:00.999Z,15.5
19620901T12:00:00:00.999Z,13.25
19621001T12:00:00:00.999Z,10.8
19621101T12:00:00:00.999Z,5.55
19621201T12:00:00:00.999Z,2.9
19630101T12:00:00:00.999Z,3
19630201T12:00:00:00.999Z,2.4
19630301T12:00:00:00.999Z,6.45
19630401T12:00:00:00.999Z,9.45
19630501T12:00:00:00.999Z,11.25
19630601T12:00:00:00.999Z,15.45
19630701T12:00:00:00.999Z,15.9
19630801T12:00:00:00.999Z,14.95
19630901T12:00:00:00.999Z,13.65
19631001T12:00:00:00.999Z,11.6
19631101T12:00:00:00.999Z,8.85
19631201T12:00:00:00.999Z,2.45
19640101T12:00:00:00.999Z,3.35
19640201T12:00:00:00.999Z,4.95
19640301T12:00:00:00.999Z,4.65
19640401T12:00:00:00.999Z,9.15
19640501T12:00:00:00.999Z,13.95
19640601T12:00:00:00.999Z,14.65
19640701T12:00:00:00.999Z,17.35
19640801T12:00:00:00.999Z,16.75
19640901T12:00:00:00.999Z,15.1
19641001T12:00:00:00.999Z,9.1
19641101T12:00:00:00.999Z,7.75
19641201T12:00:00:00.999Z,3.75
19650101T12:00:00:00.999Z,3.8
19650201T12:00:00:00.999Z,3.05
19650301T12:00:00:00.999Z,5.95
19650401T12:00:00:00.999Z,8.8
19650501T12:00:00:00.999Z,12.35
19650601T12:00:00:00.999Z,14.95
19650701T12:00:00:00.999Z,14.75
19650801T12:00:00:00.999Z,15.55
19650901T12:00:00:00.999Z,13
19651001T12:00:00:00.999Z,11.1
19651101T12:00:00:00.999Z,4.95
19651201T12:00:00:00.999Z,5.25
19660101T12:00:00:00.999Z,2.9
19660201T12:00:00:00.999Z,6.8
19660301T12:00:00:00.999Z,6.95
19660401T12:00:00:00.999Z,8.05
19660501T12:00:00:00.999Z,11.75
19660601T12:00:00:00.999Z,16.05
19660701T12:00:00:00.999Z,15.75
19660801T12:00:00:00.999Z,15.5
19660901T12:00:00:00.999Z,14.4
19661001T12:00:00:00.999Z,11.05
19661101T12:00:00:00.999Z,5.6
19661201T12:00:00:00.999Z,6.05
19670101T12:00:00:00.999Z,4.9
19670201T12:00:00:00.999Z,5.9
19670301T12:00:00:00.999Z,7.65
19670401T12:00:00:00.999Z,8.35
19670501T12:00:00:00.999Z,11.55
19670601T12:00:00:00.999Z,14.7
19670701T12:00:00:00.999Z,17.9
19670801T12:00:00:00.999Z,16.5
19670901T12:00:00:00.999Z,14.3
19671001T12:00:00:00.999Z,11.5
19671101T12:00:00:00.999Z,5.95
19671201T12:00:00:00.999Z,4.55
19680101T12:00:00:00.999Z,4.65
19680201T12:00:00:00.999Z,2.4
19680301T12:00:00:00.999Z,7.2
19680401T12:00:00:00.999Z,8.7
19680501T12:00:00:00.999Z,10.6
19680601T12:00:00:00.999Z,15.65
19680701T12:00:00:00.999Z,15.85
19680801T12:00:00:00.999Z,15.85
19680901T12:00:00:00.999Z,14.55
19681001T12:00:00:00.999Z,13.2
19681101T12:00:00:00.999Z,6.75
19681201T12:00:00:00.999Z,3.1
19690101T12:00:00:00.999Z,6.1
19690201T12:00:00:00.999Z,2.55
19690301T12:00:00:00.999Z,4.2
19690401T12:00:00:00.999Z,8.4
19690501T12:00:00:00.999Z,12.35
19690601T12:00:00:00.999Z,14.7
19690701T12:00:00:00.999Z,18.15
19690801T12:00:00:00.999Z,17.25
19690901T12:00:00:00.999Z,14.25
19691001T12:00:00:00.999Z,13.3
19691101T12:00:00:00.999Z,6.1
19691201T12:00:00:00.999Z,3.6
19700101T12:00:00:00.999Z,4.25
19700201T12:00:00:00.999Z,3.6
19700301T12:00:00:00.999Z,4.1
19700401T12:00:00:00.999Z,7.55
19700501T12:00:00:00.999Z,13.75
19700601T12:00:00:00.999Z,17
19700701T12:00:00:00.999Z,16.15
19700801T12:00:00:00.999Z,16.6
19700901T12:00:00:00.999Z,15.3
19701001T12:00:00:00.999Z,11.2
19701101T12:00:00:00.999Z,8.5
19701201T12:00:00:00.999Z,4.25
19710101T12:00:00:00.999Z,4.85
19710201T12:00:00:00.999Z,4.7
19710301T12:00:00:00.999Z,5.45
19710401T12:00:00:00.999Z,8.15
19710501T12:00:00:00.999Z,12.35
19710601T12:00:00:00.999Z,13.05
19710701T12:00:00:00.999Z,18.15
19710801T12:00:00:00.999Z,16.5
19710901T12:00:00:00.999Z,14.65
19711001T12:00:00:00.999Z,11.6
19711101T12:00:00:00.999Z,6.4
19711201T12:00:00:00.999Z,6.65
19720101T12:00:00:00.999Z,4.2
19720201T12:00:00:00.999Z,4.75
19720301T12:00:00:00.999Z,7.3
19720401T12:00:00:00.999Z,8.8
19720501T12:00:00:00.999Z,11.25
19720601T12:00:00:00.999Z,12.7
19720701T12:00:00:00.999Z,16.4
19720801T12:00:00:00.999Z,16.15
19720901T12:00:00:00.999Z,12.4
19721001T12:00:00:00.999Z,11.1
19721101T12:00:00:00.999Z,6.65
19721201T12:00:00:00.999Z,6.1
19730101T12:00:00:00.999Z,4.45
19730201T12:00:00:00.999Z,4.5
19730301T12:00:00:00.999Z,6.55
19730401T12:00:00:00.999Z,8.15
19730501T12:00:00:00.999Z,12.15
19730601T12:00:00:00.999Z,15.9
19730701T12:00:00:00.999Z,16.5
19730801T12:00:00:00.999Z,17.65
19730901T12:00:00:00.999Z,15.35
19731001T12:00:00:00.999Z,9.15
19731101T12:00:00:00.999Z,6.5
19731201T12:00:00:00.999Z,5.3
19740101T12:00:00:00.999Z,6.45
19740201T12:00:00:00.999Z,5.9
19740301T12:00:00:00.999Z,5.85
19740401T12:00:00:00.999Z,8.4
19740501T12:00:00:00.999Z,11.45
19740601T12:00:00:00.999Z,14.6
19740701T12:00:00:00.999Z,16.15
19740801T12:00:00:00.999Z,15.95
19740901T12:00:00:00.999Z,12.8
19741001T12:00:00:00.999Z,7.95
19741101T12:00:00:00.999Z,7.55
19741201T12:00:00:00.999Z,8.25
19750101T12:00:00:00.999Z,7.2
19750201T12:00:00:00.999Z,4.85
19750301T12:00:00:00.999Z,5.15
19750401T12:00:00:00.999Z,9.05
19750501T12:00:00:00.999Z,10.35
19750601T12:00:00:00.999Z,15.45
19750701T12:00:00:00.999Z,18.6
19750801T12:00:00:00.999Z,19.6
19750901T12:00:00:00.999Z,14.3
19751001T12:00:00:00.999Z,10.35
19751101T12:00:00:00.999Z,6.15
19751201T12:00:00:00.999Z,4.6
19760101T12:00:00:00.999Z,5.95
19760201T12:00:00:00.999Z,4.9
19760301T12:00:00:00.999Z,5.35
19760401T12:00:00:00.999Z,8.5
19760501T12:00:00:00.999Z,13.05
19760601T12:00:00:00.999Z,18.5
19760701T12:00:00:00.999Z,19.55
19760801T12:00:00:00.999Z,17.9
19760901T12:00:00:00.999Z,14.3
19761001T12:00:00:00.999Z,11.2
19761101T12:00:00:00.999Z,6.3
19761201T12:00:00:00.999Z,2.5
19770101T12:00:00:00.999Z,3.05
19770201T12:00:00:00.999Z,6.1
19770301T12:00:00:00.999Z,7.4
19770401T12:00:00:00.999Z,7.7
19770501T12:00:00:00.999Z,10.9
19770601T12:00:00:00.999Z,12.6
19770701T12:00:00:00.999Z,16.5
19770801T12:00:00:00.999Z,15.95
19770901T12:00:00:00.999Z,13.95
19771001T12:00:00:00.999Z,11.85
19771101T12:00:00:00.999Z,6.7
19771201T12:00:00:00.999Z,6.4
19780101T12:00:00:00.999Z,3.45
19780201T12:00:00:00.999Z,2.95
19780301T12:00:00:00.999Z,7.05
19780401T12:00:00:00.999Z,6.75
19780501T12:00:00:00.999Z,12.05
19780601T12:00:00:00.999Z,14.35
19780701T12:00:00:00.999Z,15.75
19780801T12:00:00:00.999Z,15.8
19780901T12:00:00:00.999Z,14.85
19781001T12:00:00:00.999Z,12.15
19781101T12:00:00:00.999Z,8.55
19781201T12:00:00:00.999Z,4.65
19790101T12:00:00:00.999Z,3.15
19790201T12:00:00:00.999Z,2.35
19790301T12:00:00:00.999Z,5.25
19790401T12:00:00:00.999Z,8.55
19790501T12:00:00:00.999Z,11
19790601T12:00:00:00.999Z,14.85
19790701T12:00:00:00.999Z,17.75
19790801T12:00:00:00.999Z,16
19790901T12:00:00:00.999Z,14.1
19791001T12:00:00:00.999Z,11.75
19791101T12:00:00:00.999Z,7.2
19791201T12:00:00:00.999Z,6.35
19800101T12:00:00:00.999Z,2.8
19800201T12:00:00:00.999Z,6.35
19800301T12:00:00:00.999Z,5.4
19800401T12:00:00:00.999Z,9.3
19800501T12:00:00:00.999Z,11.45
19800601T12:00:00:00.999Z,14.85
19800701T12:00:00:00.999Z,15.45
19800801T12:00:00:00.999Z,17
19800901T12:00:00:00.999Z,15.7
19801001T12:00:00:00.999Z,9.5
19801101T12:00:00:00.999Z,6.75
19801201T12:00:00:00.999Z,5.7
19810101T12:00:00:00.999Z,4.85
19810201T12:00:00:00.999Z,3.2
19810301T12:00:00:00.999Z,8.75
19810401T12:00:00:00.999Z,8.2
19810501T12:00:00:00.999Z,11.95
19810601T12:00:00:00.999Z,14.25
19810701T12:00:00:00.999Z,16.8
19810801T12:00:00:00.999Z,17.45
19810901T12:00:00:00.999Z,15.4
19811001T12:00:00:00.999Z,9
19811101T12:00:00:00.999Z,7.85
19811201T12:00:00:00.999Z,2.8
19820101T12:00:00:00.999Z,2.8
19820201T12:00:00:00.999Z,5.3
19820301T12:00:00:00.999Z,6.6
19820401T12:00:00:00.999Z,9.35
19820501T12:00:00:00.999Z,12.35
19820601T12:00:00:00.999Z,17
19820701T12:00:00:00.999Z,17.4
19820801T12:00:00:00.999Z,17.05
19820901T12:00:00:00.999Z,15.35
19821001T12:00:00:00.999Z,10.7
19821101T12:00:00:00.999Z,8.45
19821201T12:00:00:00.999Z,4.8
19830101T12:00:00:00.999Z,7.25
19830201T12:00:00:00.999Z,2.75
19830301T12:00:00:00.999Z,6.8
19830401T12:00:00:00.999Z,7.75
19830501T12:00:00:00.999Z,11.3
19830601T12:00:00:00.999Z,15.3
19830701T12:00:00:00.999Z,21.1
19830801T12:00:00:00.999Z,18.4
19830901T12:00:00:00.999Z,14.55
19831001T12:00:00:00.999Z,11
19831101T12:00:00:00.999Z,7.8
19831201T12:00:00:00.999Z,5.95
19840101T12:00:00:00.999Z,4.5
19840201T12:00:00:00.999Z,3.7
19840301T12:00:00:00.999Z,5.3
19840401T12:00:00:00.999Z,8.65
19840501T12:00:00:00.999Z,10.25
19840601T12:00:00:00.999Z,15.8
19840701T12:00:00:00.999Z,18.05
19840801T12:00:00:00.999Z,18.6
19840901T12:00:00:00.999Z,14.55
19841001T12:00:00:00.999Z,11.8
19841101T12:00:00:00.999Z,8.65
19841201T12:00:00:00.999Z,5.5
19850101T12:00:00:00.999Z,2.9
19850201T12:00:00:00.999Z,3.15
19850301T12:00:00:00.999Z,5.15
19850401T12:00:00:00.999Z,9.1
19850501T12:00:00:00.999Z,11.5
19850601T12:00:00:00.999Z,13.25
19850701T12:00:00:00.999Z,17.15
19850801T12:00:00:00.999Z,15.55
19850901T12:00:00:00.999Z,15.3
19851001T12:00:00:00.999Z,11.2
19851101T12:00:00:00.999Z,4.55
19851201T12:00:00:00.999Z,7.25
19860101T12:00:00:00.999Z,3.9
19860201T12:00:00:00.999Z,2.55
19860301T12:00:00:00.999Z,5.65
19860401T12:00:00:00.999Z,6.65
19860501T12:00:00:00.999Z,11.85
19860601T12:00:00:00.999Z,15.55
19860701T12:00:00:00.999Z,17.15
19860801T12:00:00:00.999Z,14.7
19860901T12:00:00:00.999Z,12.05
19861001T12:00:00:00.999Z,11.55
19861101T12:00:00:00.999Z,8.4
19861201T12:00:00:00.999Z,6.5
19870101T12:00:00:00.999Z,2.2
19870201T12:00:00:00.999Z,4.05
19870301T12:00:00:00.999Z,4.85
19870401T12:00:00:00.999Z,10.9
19870501T12:00:00:00.999Z,10.85
19870601T12:00:00:00.999Z,14.1
19870701T12:00:00:00.999Z,16.95
19870801T12:00:00:00.999Z,16.75
19870901T12:00:00:00.999Z,14.75
19871001T12:00:00:00.999Z,10.35
19871101T12:00:00:00.999Z,6.65
19871201T12:00:00:00.999Z,5.85
19880101T12:00:00:00.999Z,5.7
19880201T12:00:00:00.999Z,5.2
19880301T12:00:00:00.999Z,7
19880401T12:00:00:00.999Z,8.6
19880501T12:00:00:00.999Z,12.45
19880601T12:00:00:00.999Z,14.5
19880701T12:00:00:00.999Z,15.25
19880801T12:00:00:00.999Z,16.15
19880901T12:00:00:00.999Z,14.15
19881001T12:00:00:00.999Z,11.25
19881101T12:00:00:00.999Z,5.35
19881201T12:00:00:00.999Z,7.75
19890101T12:00:00:00.999Z,6.35
19890201T12:00:00:00.999Z,6.45
19890301T12:00:00:00.999Z,8.3
19890401T12:00:00:00.999Z,7.3
19890501T12:00:00:00.999Z,14.15
19890601T12:00:00:00.999Z,15.65
19890701T12:00:00:00.999Z,19.45
19890801T12:00:00:00.999Z,17.9
19890901T12:00:00:00.999Z,15.9
19891001T12:00:00:00.999Z,12.4
19891101T12:00:00:00.999Z,6.5
19891201T12:00:00:00.999Z,5.75
19900101T12:00:00:00.999Z,7.25
19900201T12:00:00:00.999Z,8.3
19900301T12:00:00:00.999Z,8.85
19900401T12:00:00:00.999Z,8.5
19900501T12:00:00:00.999Z,13.5
19900601T12:00:00:00.999Z,14.45
19900701T12:00:00:00.999Z,18
19900801T12:00:00:00.999Z,19.35
19900901T12:00:00:00.999Z,14.05
19901001T12:00:00:00.999Z,12.55
19901101T12:00:00:00.999Z,7.05
19901201T12:00:00:00.999Z,4.3
19910101T12:00:00:00.999Z,3.8
19910201T12:00:00:00.999Z,3.15
19910301T12:00:00:00.999Z,8.3
19910401T12:00:00:00.999Z,8.4
19910501T12:00:00:00.999Z,11.35
19910601T12:00:00:00.999Z,12.9
19910701T12:00:00:00.999Z,17.95
19910801T12:00:00:00.999Z,18.25
19910901T12:00:00:00.999Z,15.4
19911001T12:00:00:00.999Z,10.35
19911101T12:00:00:00.999Z,7.2
19911201T12:00:00:00.999Z,4.3
19920101T12:00:00:00.999Z,3.7
19920201T12:00:00:00.999Z,5.5
19920301T12:00:00:00.999Z,7.9
19920401T12:00:00:00.999Z,9.4
19920501T12:00:00:00.999Z,14.4
19920601T12:00:00:00.999Z,16.55
19920701T12:00:00:00.999Z,17.3
19920801T12:00:00:00.999Z,16.55
19920901T12:00:00:00.999Z,14.2
19921001T12:00:00:00.999Z,8.2
19921101T12:00:00:00.999Z,7.8
19921201T12:00:00:00.999Z,3.85
19930101T12:00:00:00.999Z,6.55
19930201T12:00:00:00.999Z,4.75
19930301T12:00:00:00.999Z,7.45
19930401T12:00:00:00.999Z,9.9
19930501T12:00:00:00.999Z,12.3
19930601T12:00:00:00.999Z,16.1
19930701T12:00:00:00.999Z,16.55
19930801T12:00:00:00.999Z,15.8
19930901T12:00:00:00.999Z,13
19931001T12:00:00:00.999Z,8.95
19931101T12:00:00:00.999Z,5.3
19931201T12:00:00:00.999Z,6.05
19940101T12:00:00:00.999Z,5.9
19940201T12:00:00:00.999Z,4
19940301T12:00:00:00.999Z,8.5
19940401T12:00:00:00.999Z,8.8
19940501T12:00:00:00.999Z,11.45
19940601T12:00:00:00.999Z,15.8
19940701T12:00:00:00.999Z,19.3
19940801T12:00:00:00.999Z,17.05
19940901T12:00:00:00.999Z,13.5
19941001T12:00:00:00.999Z,10.5
19941101T12:00:00:00.999Z,10.55
19941201T12:00:00:00.999Z,6.75
19950101T12:00:00:00.999Z,5.35
19950201T12:00:00:00.999Z,7.4
19950301T12:00:00:00.999Z,6.25
19950401T12:00:00:00.999Z,9.85
19950501T12:00:00:00.999Z,12.8
19950601T12:00:00:00.999Z,15.2
19950701T12:00:00:00.999Z,19.5
19950801T12:00:00:00.999Z,20.15
19950901T12:00:00:00.999Z,14.3
19951001T12:00:00:00.999Z,13.8
19951101T12:00:00:00.999Z,8.25
19951201T12:00:00:00.999Z,2.4
19960101T12:00:00:00.999Z,4.85
19960201T12:00:00:00.999Z,3.15
19960301T12:00:00:00.999Z,5.1
19960401T12:00:00:00.999Z,9.3
19960501T12:00:00:00.999Z,9.85
19960601T12:00:00:00.999Z,15.7
19960701T12:00:00:00.999Z,18
19960801T12:00:00:00.999Z,17.45
19960901T12:00:00:00.999Z,14.35
19961001T12:00:00:00.999Z,12.2
19961101T12:00:00:00.999Z,6.25
19961201T12:00:00:00.999Z,3.2
19970101T12:00:00:00.999Z,2.65
19970201T12:00:00:00.999Z,7.3
19970301T12:00:00:00.999Z,9.4
19970401T12:00:00:00.999Z,9.7
19970501T12:00:00:00.999Z,12.4
19970601T12:00:00:00.999Z,15.1
19970701T12:00:00:00.999Z,17.85
19970801T12:00:00:00.999Z,20.3
19970901T12:00:00:00.999Z,15.2
19971001T12:00:00:00.999Z,10.75
19971101T12:00:00:00.999Z,8.9
19971201T12:00:00:00.999Z,6.3
19980101T12:00:00:00.999Z,5.6
19980201T12:00:00:00.999Z,7.8
19980301T12:00:00:00.999Z,8.6
19980401T12:00:00:00.999Z,8.5
19980501T12:00:00:00.999Z,13.9
19980601T12:00:00:00.999Z,15.3
19980701T12:00:00:00.999Z,16.7
19980801T12:00:00:00.999Z,17.15
19980901T12:00:00:00.999Z,15.7
19981001T12:00:00:00.999Z,11.3
19981101T12:00:00:00.999Z,5.75
19981201T12:00:00:00.999Z,6.3
19990101T12:00:00:00.999Z,6.2
19990201T12:00:00:00.999Z,5.75
19990301T12:00:00:00.999Z,8.2
19990401T12:00:00:00.999Z,10.2
19990501T12:00:00:00.999Z,13.95
19990601T12:00:00:00.999Z,14.9
19990701T12:00:00:00.999Z,18.75
19990801T12:00:00:00.999Z,17.25
19990901T12:00:00:00.999Z,16.6
19991001T12:00:00:00.999Z,11.1
19991101T12:00:00:00.999Z,8.05
19991201T12:00:00:00.999Z,5
20000101T12:00:00:00.999Z,5.05
20000201T12:00:00:00.999Z,7
20000301T12:00:00:00.999Z,7.95
20000401T12:00:00:00.999Z,8.6
20000501T12:00:00:00.999Z,12.9
20000601T12:00:00:00.999Z,16.35
20000701T12:00:00:00.999Z,16.55
20000801T12:00:00:00.999Z,18
20000901T12:00:00:00.999Z,15.65
20001001T12:00:00:00.999Z,11.25
20001101T12:00:00:00.999Z,7.7
20001201T12:00:00:00.999Z,6.4
20010101T12:00:00:00.999Z,3.8
20010201T12:00:00:00.999Z,5.4
20010301T12:00:00:00.999Z,6.05
20010401T12:00:00:00.999Z,8.85
20010501T12:00:00:00.999Z,13.2
20010601T12:00:00:00.999Z,15.65
20010701T12:00:00:00.999Z,18.4
20010801T12:00:00:00.999Z,17.8
20010901T12:00:00:00.999Z,14.2
20011001T12:00:00:00.999Z,14.05
20011101T12:00:00:00.999Z,7.55
20011201T12:00:00:00.999Z,3.5
20020101T12:00:00:00.999Z,6.3
20020201T12:00:00:00.999Z,7.75
20020301T12:00:00:00.999Z,8.5
20020401T12:00:00:00.999Z,10.2
20020501T12:00:00:00.999Z,12.6
20020601T12:00:00:00.999Z,15.15
20020701T12:00:00:00.999Z,17.05
20020801T12:00:00:00.999Z,17.85
20020901T12:00:00:00.999Z,14.85
20021001T12:00:00:00.999Z,10.95
20021101T12:00:00:00.999Z,9.1
20021201T12:00:00:00.999Z,6.5
20030101T12:00:00:00.999Z,4.7
20030201T12:00:00:00.999Z,4.5
20030301T12:00:00:00.999Z,8
20030401T12:00:00:00.999Z,9.95
20030501T12:00:00:00.999Z,12.8
20030601T12:00:00:00.999Z,17.1
20030701T12:00:00:00.999Z,18.55
20030801T12:00:00:00.999Z,19.5
20030901T12:00:00:00.999Z,14.7
20031001T12:00:00:00.999Z,8.95
20031101T12:00:00:00.999Z,8.85
20031201T12:00:00:00.999Z,5.25
20040101T12:00:00:00.999Z,5.75
20040201T12:00:00:00.999Z,5.8
20040301T12:00:00:00.999Z,7.15
20040401T12:00:00:00.999Z,10.45
20040501T12:00:00:00.999Z,13.3
20040601T12:00:00:00.999Z,16.9
20040701T12:00:00:00.999Z,17.1
20040801T12:00:00:00.999Z,18.8
20040901T12:00:00:00.999Z,15.9
20041001T12:00:00:00.999Z,11.65
20041101T12:00:00:00.999Z,8.35
20041201T12:00:00:00.999Z,5.7
20050101T12:00:00:00.999Z,6.6
20050201T12:00:00:00.999Z,4.7
20050301T12:00:00:00.999Z,7.95
20050401T12:00:00:00.999Z,10
20050501T12:00:00:00.999Z,12.4
20050601T12:00:00:00.999Z,16.8
20050701T12:00:00:00.999Z,17.85
20050801T12:00:00:00.999Z,17.65
20050901T12:00:00:00.999Z,16.4
20051001T12:00:00:00.999Z,14
20051101T12:00:00:00.999Z,6.5
20051201T12:00:00:00.999Z,4.75
20060101T12:00:00:00.999Z,4.7
20060201T12:00:00:00.999Z,3.7
20060301T12:00:00:00.999Z,5.6
20060401T12:00:00:00.999Z,9.65
20060501T12:00:00:00.999Z,13.3
20060601T12:00:00:00.999Z,17.4
20060701T12:00:00:00.999Z,21
20060801T12:00:00:00.999Z,17.45
20060901T12:00:00:00.999Z,17.8
20061001T12:00:00:00.999Z,13.9
20061101T12:00:00:00.999Z,8.6
20061201T12:00:00:00.999Z,6.85
20070101T12:00:00:00.999Z,7.6
20070201T12:00:00:00.999Z,6.7
20070301T12:00:00:00.999Z,7.85
20070401T12:00:00:00.999Z,11.7
20070501T12:00:00:00.999Z,12.3
20070601T12:00:00:00.999Z,15.9
20070701T12:00:00:00.999Z,16.4
20070801T12:00:00:00.999Z,16.85
20070901T12:00:00:00.999Z,14.75
20071001T12:00:00:00.999Z,11.5
20071101T12:00:00:00.999Z,7.8
20071201T12:00:00:00.999Z,5.35
20080101T12:00:00:00.999Z,7.5
20080201T12:00:00:00.999Z,6.1
20080301T12:00:00:00.999Z,7.05
20080401T12:00:00:00.999Z,8.9
20080501T12:00:00:00.999Z,14.1
20080601T12:00:00:00.999Z,15.6
20080701T12:00:00:00.999Z,17.4
20080801T12:00:00:00.999Z,17.35
20080901T12:00:00:00.999Z,14
20081001T12:00:00:00.999Z,10.15
20081101T12:00:00:00.999Z,7.45
20081201T12:00:00:00.999Z,4.1
20090101T12:00:00:00.999Z,3.25
20090201T12:00:00:00.999Z,4.95
20090301T12:00:00:00.999Z,7.8
20090401T12:00:00:00.999Z,10.85
20090501T12:00:00:00.999Z,13.25
20090601T12:00:00:00.999Z,16.35
20090701T12:00:00:00.999Z,17.75
20090801T12:00:00:00.999Z,18
20090901T12:00:00:00.999Z,15.4
20091001T12:00:00:00.999Z,12.3
20091101T12:00:00:00.999Z,9.75
20091201T12:00:00:00.999Z,3.8
20100101T12:00:00:00.999Z,2.85
20100201T12:00:00:00.999Z,4.2
20100301T12:00:00:00.999Z,7.25
20100401T12:00:00:00.999Z,10.35
20100501T12:00:00:00.999Z,12.45
20100601T12:00:00:00.999Z,17.05
20100701T12:00:00:00.999Z,19.05
20100801T12:00:00:00.999Z,16.75
20100901T12:00:00:00.999Z,14.55
20101001T12:00:00:00.999Z,10.95
20101101T12:00:00:00.999Z,5.55
20101201T12:00:00:00.999Z,2.45
20110101T12:00:00:00.999Z,4.45
20110201T12:00:00:00.999Z,7.4
20110301T12:00:00:00.999Z,7.8
20110401T12:00:00:00.999Z,13.35
20110501T12:00:00:00.999Z,13.65
20110601T12:00:00:00.999Z,14.75
20110701T12:00:00:00.999Z,15.8
20110801T12:00:00:00.999Z,16.05
20110901T12:00:00:00.999Z,15.7
20111001T12:00:00:00.999Z,13.35
20111101T12:00:00:00.999Z,9.9
20111201T12:00:00:00.999Z,6.2
20120101T12:00:00:00.999Z,6.7
20120201T12:00:00:00.999Z,4.25
20120301T12:00:00:00.999Z,8.8
20120401T12:00:00:00.999Z,8.6
20120501T12:00:00:00.999Z,13.7
20120601T12:00:00:00.999Z,15.25
20120701T12:00:00:00.999Z,16.55
20120801T12:00:00:00.999Z,17.7
20120901T12:00:00:00.999Z,13.8
20121001T12:00:00:00.999Z,10.25
20121101T12:00:00:00.999Z,7.15
20121201T12:00:00:00.999Z,5.6
20130101T12:00:00:00.999Z,4.15
20130201T12:00:00:00.999Z,3.55
20130301T12:00:00:00.999Z,3.25
20130401T12:00:00:00.999Z,8.4
20130501T12:00:00:00.999Z,11.3
20130601T12:00:00:00.999Z,14.75
20130701T12:00:00:00.999Z,19.7
20130801T12:00:00:00.999Z,18.1
20130901T12:00:00:00.999Z,14.45
20131001T12:00:00:00.999Z,13.1
20131101T12:00:00:00.999Z,6.85
20131201T12:00:00:00.999Z,6.8
20140101T12:00:00:00.999Z,6.4
20140201T12:00:00:00.999Z,6.95
20140301T12:00:00:00.999Z,8.15
20140401T12:00:00:00.999Z,10.7
20140501T12:00:00:00.999Z,13
20140601T12:00:00:00.999Z,16.65
20140701T12:00:00:00.999Z,19.2
20140801T12:00:00:00.999Z,16.25
20140901T12:00:00:00.999Z,16.25
20141001T12:00:00:00.999Z,13.35
20141101T12:00:00:00.999Z,8.6
20141201T12:00:00:00.999Z,5.55
20150101T12:00:00:00.999Z,5
20150201T12:00:00:00.999Z,4.25
20150301T12:00:00:00.999Z,7.35
20150401T12:00:00:00.999Z,10.2
20150501T12:00:00:00.999Z,12.25
20150601T12:00:00:00.999Z,15.65
20150701T12:00:00:00.999Z,17.55
20150801T12:00:00:00.999Z,17.15
20150901T12:00:00:00.999Z,13.65
20151001T12:00:00:00.999Z,11.5
20151101T12:00:00:00.999Z,10.2
20151201T12:00:00:00.999Z,10.85
20160101T12:00:00:00.999Z,6.2
20160201T12:00:00:00.999Z,5.9
20160301T12:00:00:00.999Z,6.2
20160401T12:00:00:00.999Z,8.45
20160501T12:00:00:00.999Z,13.55
20160601T12:00:00:00.999Z,15.95
20160701T12:00:00:00.999Z,18.55
20160801T12:00:00:00.999Z,18.55
20160901T12:00:00:00.999Z,16.95
20161001T12:00:00:00.999Z,11.2
20161101T12:00:00:00.999Z,6.35
20161201T12:00:00:00.999Z,6.3
